{
  "statistics": {
    "means": {
      "age": 55.193308550185876,
      "sex": 1.4175960346964065,
      "sbp": 142.02230483271376,
      "dbp": 75.0278810408922,
      "hbp": 1.486988847583643,
      "duration": 9.022924411400249,
      "hb1ac": 9.887874845105328,
      "ldl": 2.5930173482032215,
      "hdl": 0.9081660470879803,
      "chol": 4.935520446096654,
      "urea": 95.99990086741016,
      "bun": 6.686902106567534,
      "uric": 435.5664560099133,
      "egfr": 83.79600339751116,
      "trig": 2.0109665427509293,
      "ucr": 8.692193308550186,
      "alt": 17.08116480793061,
      "ast": 17.414225526641882,
      "age_hba1c_interaction": 544.9964745972738,
      "duration_egfr_ratio": 0.15450033415670544,
      "ldl_hdl_ratio": 3.162993169079045
    },
    "stds": {
      "age": 17.290087031807502,
      "sex": 0.4933156873636006,
      "sbp": 26.885295107373345,
      "dbp": 14.470735917260043,
      "hbp": 0.4999855954523084,
      "duration": 8.608958547000134,
      "hb1ac": 3.2659960310510345,
      "ldl": 1.1862861774989792,
      "hdl": 0.3267626354105099,
      "chol": 1.9166687999741492,
      "urea": 71.13125811541155,
      "bun": 5.224904518065089,
      "uric": 161.79926629942761,
      "egfr": 42.66475877736833,
      "trig": 2.9206168925379226,
      "ucr": 7.505189840480645,
      "alt": 16.536239625774726,
      "ast": 10.076735846516168,
      "age_hba1c_interaction": 248.12124662462804,
      "duration_egfr_ratio": 0.2645981443451708,
      "ldl_hdl_ratio": 1.800026180351104
    },
    "mins": {
      "age": 14.0,
      "sex": 1.0,
      "sbp": 80.0,
      "dbp": 50.0,
      "hbp": 1.0,
      "duration": 1.0,
      "hb1ac": 0.0,
      "ldl": 1.01,
      "hdl": 0.38,
      "chol": 1.36,
      "urea": 1.2,
      "bun": 2.06,
      "uric": 0.32,
      "egfr": 7.237363508,
      "trig": 0.44,
      "ucr": 0.0,
      "alt": 1.0,
      "ast": 2.42,
      "age_hba1c_interaction": 0.0,
      "duration_egfr_ratio": 0.0031360787386769478,
      "ldl_hdl_ratio": 0.2973760065959164
    },
    "maxs": {
      "age": 92.0,
      "sex": 2.0,
      "sbp": 207.0,
      "dbp": 127.0,
      "hbp": 2.0,
      "duration": 59.0,
      "hb1ac": 18.3,
      "ldl": 7.03,
      "hdl": 3.43,
      "chol": 13.7,
      "urea": 528.17,
      "bun": 58.36,
      "uric": 731.0,
      "egfr": 374.8868776,
      "trig": 85.0,
      "ucr": 123.0,
      "alt": 163.0,
      "ast": 102.0,
      "age_hba1c_interaction": 1490.3999999999999,
      "duration_egfr_ratio": 3.592467944824426,
      "ldl_hdl_ratio": 13.512162165458134
    },
    "medians": {
      "age": 55.0,
      "sex": 1.0,
      "sbp": 142.0,
      "dbp": 75.0,
      "hbp": 1.0,
      "duration": 6.0,
      "hb1ac": 9.5,
      "ldl": 2.51,
      "hdl": 0.88,
      "chol": 4.83,
      "urea": 80.64,
      "bun": 4.98,
      "uric": 432.0,
      "egfr": 82.16869504499999,
      "trig": 1.47,
      "ucr": 7.279999999999999,
      "alt": 14.0,
      "ast": 16.0,
      "age_hba1c_interaction": 508.29999999999995,
      "duration_egfr_ratio": 0.07292122576569879,
      "ldl_hdl_ratio": 2.8022961618165576
    },
    "q25": {
      "age": 43.0,
      "sex": 1.0,
      "sbp": 124.0,
      "dbp": 64.0,
      "hbp": 1.0,
      "duration": 1.0,
      "hb1ac": 7.5,
      "ldl": 1.6,
      "hdl": 0.65,
      "chol": 3.5,
      "urea": 59.0125,
      "bun": 3.4125,
      "uric": 315.34000000000003,
      "egfr": 60.748763305,
      "trig": 0.82,
      "ucr": 3.31,
      "alt": 7.0,
      "ast": 10.9725,
      "age_hba1c_interaction": 363.0,
      "duration_egfr_ratio": 0.020065888585656815,
      "ldl_hdl_ratio": 1.867613423537561
    },
    "q75": {
      "age": 68.0,
      "sex": 2.0,
      "sbp": 160.0,
      "dbp": 85.0,
      "hbp": 2.0,
      "duration": 15.0,
      "hb1ac": 11.9,
      "ldl": 3.4275,
      "hdl": 1.12,
      "chol": 6.2575,
      "urea": 113.94,
      "bun": 8.1625,
      "uric": 562.0,
      "egfr": 102.185029755,
      "trig": 2.4575,
      "ucr": 12.85,
      "alt": 22.0,
      "ast": 21.4025,
      "age_hba1c_interaction": 696.1500000000001,
      "duration_egfr_ratio": 0.19483836786772868,
      "ldl_hdl_ratio": 4.0488892213884675
    }
  },
  "feature_info": {
    "count": 21,
    "names": [
      "age",
      "sex",
      "sbp",
      "dbp",
      "hbp",
      "duration",
      "hb1ac",
      "ldl",
      "hdl",
      "chol",
      "urea",
      "bun",
      "uric",
      "egfr",
      "trig",
      "ucr",
      "alt",
      "ast",
      "age_hba1c_interaction",
      "duration_egfr_ratio",
      "ldl_hdl_ratio"
    ],
    "types": {
      "age": "float64",
      "sex": "float64",
      "sbp": "float64",
      "dbp": "float64",
      "hbp": "float64",
      "duration": "float64",
      "hb1ac": "float64",
      "ldl": "float64",
      "hdl": "float64",
      "chol": "float64",
      "urea": "float64",
      "bun": "float64",
      "uric": "float64",
      "egfr": "float64",
      "trig": "float64",
      "ucr": "float64",
      "alt": "float64",
      "ast": "float64",
      "age_hba1c_interaction": "float64",
      "duration_egfr_ratio": "float64",
      "ldl_hdl_ratio": "float64"
    }
  }
}